{"DeWACi+lGE9E7Nzyhe9tGA==":"cair-logo-3-122x91.png","XJQdo/L6d5X3KietfZMSDQ==":"homepage-2000x1125.jpg","mA6rs+REyPEuBXc4veoCHA==":"cair-logo-3-134x100.png","iO0RI/hIC1savb+fikEI1A==":"news2-436x481.png","0UmC66sw2ORXpk4xMq7O6Q==":"michael-waltham-436x334.jpg","W8K6wQWgKBjvdCfbyF3SWg==":"news%20page-2000x1500.jpg","J/X2bMH4atc/iYKBNiPkWw==":"contact%20us-2000x899.jpg","cZadhc8/Qdyh7UQFu0NsIQ==":"nodeimage-1087x700.jpg","mT0O/6xlLRlQKGlQ5u4z/A==":"member%20image-600x400.jpg","rx2QIgBHAqux+DvwC2lYwg==":"nodes-2000x1333.jpg","JNWuhB0e+DCzr0ZWwkM3Yg==":"report-2000x1335.jpg","tQCLQRnopHm6ew0JwmIhww==":"research-2000x1502.jpg","Go7442o6owoz3cjdAcgKbg==":"login-2000x1240.jpg","h51wAVOmjmAGeDiRbezKDg==":"nodes1-2000x1328.jpg","Gcc0TVhwggid5KUoZNFsMA==":"csir-145x100.jpg"}